k,n_bldg,peak_kw,annual_kwh,designed_kva,kva_imputed,overload_hours,utilisation,assigned_dwellings,archetype_to_assignment_ratio,audit_count_reconciliation,audit_extreme_utilisation,audit_large_catchment,requires_asset_audit,installed_kva,available_kva,esb_load_kva,esb_util,esb_constrained
BA***166Z,3236,4618.4825851246715,14827150.588281255,400.0,False,6444,11.546206462811679,1868,1.7323340471092077,True,True,True,True,400.0,322.0,78.0,0.195,False
KI***4037,295,453.12952095270157,1476133.4396507,50.0,False,6260,9.06259041905403,191,1.544502617801047,True,True,False,True,50.0,46.0,4.0,0.08,False
TU***002X,307,425.68187910318375,1338707.9939804862,50.0,False,5619,8.513637582063675,229,1.3406113537117903,True,True,False,True,50.0,0.0,50.0,1.0,True
PR***419,237,276.87200754880905,916686.5245826932,33.0,False,5730,8.390060834812395,249,0.9518072289156626,False,True,False,True,33.0,21.0,12.0,0.3636363636363636,False
GL***4392,210,419.44729679077864,1027480.5900966416,50.0,False,5008,8.388945935815572,147,1.4285714285714286,True,True,False,True,50.0,50.0,0.0,0.0,False
CO***4466,196,410.08201126381755,989451.8867987699,50.0,False,5211,8.201640225276352,141,1.3900709219858156,True,True,False,True,50.0,0.0,50.0,1.0,True
BR***4060,306,380.8260980807245,1334089.5931208716,50.0,False,5648,7.61652196161449,237,1.2911392405063291,True,True,False,True,100.0,48.0,52.0,0.52,False
CR***323Y,310,378.2059428691864,1194529.1214509485,50.0,False,5421,7.564118857383728,322,0.9627329192546584,False,True,False,True,50.0,0.0,50.0,1.0,True
TE***507,323,371.40506011247635,1233552.3413156183,50.0,False,5781,7.428101202249527,303,1.066006600660066,False,True,False,True,50.0,0.0,50.0,1.0,True
DR***4230,276,348.8097033575177,1215685.3920836758,50.0,False,5658,6.976194067150354,169,1.6331360946745561,True,True,False,True,50.0,0.0,50.0,1.0,True
RA***473X,198,347.638313870877,930952.8191759968,50.0,False,4967,6.952766277417541,144,1.375,True,True,False,True,50.0,44.0,6.0,0.12,False
HO***265,273,332.29113525152206,1144237.1040715545,50.0,False,5330,6.645822705030441,214,1.2757009345794392,True,True,False,True,50.0,42.0,8.0,0.16,False
FA***4180,568,654.4544483423233,2394824.962802101,100.0,False,5606,6.544544483423233,467,1.2162740899357602,True,True,False,True,100.0,0.0,100.0,1.0,True
DO***4103,267,324.87327641248703,1076178.3357334724,50.0,False,5296,6.497465528249741,238,1.1218487394957983,False,True,False,True,50.0,50.0,0.0,0.0,False
BA***4002,290,316.0208393931389,1225085.5010221237,50.0,False,5908,6.3204167878627775,246,1.1788617886178863,False,True,False,True,100.0,50.0,50.0,0.5,False
CL***330X,262,315.07433545589447,999324.0675877209,50.0,False,5286,6.301486709117889,287,0.9128919860627178,False,True,False,True,50.0,0.0,50.0,1.0,True
MI***077X,255,309.7578734755516,1067048.86412982,50.0,False,5253,6.195157469511032,192,1.328125,True,True,False,True,50.0,33.0,17.0,0.34,False
P/***4010,68,304.60194063559175,484516.86471605184,50.0,False,3418,6.092038812711835,55,1.2363636363636363,True,True,False,True,50.0,0.0,50.0,1.0,True
DA***224,234,297.3460352085531,882459.4209624487,50.0,False,5424,5.9469207041710614,151,1.5496688741721854,True,True,False,True,50.0,30.0,20.0,0.4,False
FA***825,251,295.6819376349449,1160737.5035538499,50.0,False,6193,5.9136387526988985,242,1.037190082644628,False,True,False,True,50.0,0.0,50.0,1.0,True
GW***004X,232,295.2311258241534,1054679.9948584242,50.0,False,5520,5.904622516483069,140,1.6571428571428573,True,True,False,True,50.0,21.0,29.0,0.58,False
DO***661,301,294.6448900103569,1317467.1117781263,50.0,False,6504,5.892897800207138,334,0.9011976047904192,False,True,False,True,100.0,76.0,24.0,0.24,False
MO***077Y,231,281.7020258307457,898476.8667248012,50.0,False,5109,5.634040516614914,240,0.9625,False,True,False,True,50.0,0.0,50.0,1.0,True
CA***203Z,240,280.46660113334656,1094598.21758652,50.0,False,5890,5.609332022666931,241,0.995850622406639,False,True,False,True,50.0,50.0,0.0,0.0,False
CA***216,268,280.2907361984253,1121684.447645886,50.0,False,6018,5.605814723968506,294,0.9115646258503401,False,True,False,True,50.0,50.0,0.0,0.0,False
OW***653Y,247,279.34387743473053,968399.6067466147,50.0,False,5410,5.586877548694611,260,0.95,False,True,False,True,50.0,0.0,50.0,1.0,True
PA***031Z,229,279.1571874022484,877079.4068881967,50.0,False,5094,5.583143748044968,243,0.9423868312757202,False,True,False,True,50.0,49.0,1.0,0.02,False
HA***140Y,211,277.59074169397354,880484.7561913808,50.0,False,5098,5.551814833879471,192,1.0989583333333333,False,True,False,True,50.0,0.0,50.0,1.0,True
BE***4069,261,273.4403048157692,1028771.2115573164,50.0,False,5714,5.468806096315384,279,0.9354838709677419,False,True,False,True,50.0,50.0,0.0,0.0,False
FO***959,224,272.2635161727667,978813.0407777447,50.0,False,5357,5.4452703234553335,147,1.5238095238095237,True,True,False,True,50.0,40.0,10.0,0.2,False
RO***610,233,272.1921591758728,950145.6977356602,50.0,False,5478,5.443843183517456,241,0.966804979253112,False,True,False,True,100.0,0.0,100.0,1.0,True
WA***081,196,162.3941526412964,881061.2241582911,30.0,False,6609,5.413138421376546,211,0.9289099526066351,False,True,False,True,30.0,0.0,30.0,1.0,True
AN***467Y,270,268.85004311800003,1093398.7118704824,50.0,False,5895,5.377000862360001,295,0.9152542372881356,False,True,False,True,50.0,0.0,50.0,1.0,True
KE***569Z,243,267.400062918663,940895.7818798806,50.0,False,5449,5.348001258373261,268,0.9067164179104478,False,True,False,True,50.0,0.0,50.0,1.0,True
CL***213X,190,267.2280319929123,837027.8718776833,50.0,False,5044,5.344560639858246,164,1.1585365853658536,False,True,False,True,50.0,0.0,50.0,1.0,True
KN***938,157,262.8080059289932,797392.7566622538,50.0,False,5066,5.2561601185798645,121,1.2975206611570247,True,True,False,True,50.0,0.0,50.0,1.0,True
GU***057X,189,262.0602611899376,822870.6121950273,50.0,False,5039,5.241205223798752,176,1.0738636363636365,False,True,False,True,50.0,0.0,50.0,1.0,True
KI***428Y,160,258.30225355923176,732716.0179012395,50.0,False,4842,5.1660450711846355,125,1.28,True,True,False,True,50.0,29.0,21.0,0.42,False
KN***037X,188,257.3533815741539,838219.9822213785,50.0,False,5025,5.147067631483078,125,1.504,True,True,False,True,50.0,0.0,50.0,1.0,True
WA***116X,202,255.72917591035366,887349.1510600888,50.0,False,5204,5.114583518207073,128,1.578125,True,True,False,True,50.0,0.0,50.0,1.0,True
CO***512Y,211,254.80910098552704,855423.7520337796,50.0,False,5312,5.0961820197105405,229,0.9213973799126638,False,True,False,True,50.0,50.0,0.0,0.0,False
BA***387,259,253.52381940931082,1100516.4823634238,50.0,False,5982,5.070476388186217,216,1.1990740740740742,False,True,False,True,50.0,50.0,0.0,0.0,False
LE***281X,207,252.5328357219696,786531.9337265566,50.0,False,5004,5.050656714439392,223,0.9282511210762332,False,True,False,True,50.0,50.0,0.0,0.0,False
TU***771X,220,251.71887338161469,857127.8585130124,50.0,False,5205,5.034377467632294,232,0.9482758620689655,False,True,False,True,100.0,100.0,0.0,0.0,False
AN***911,206,251.30083572864532,793880.5578768256,50.0,False,5003,5.026016714572907,225,0.9155555555555556,False,True,False,True,50.0,47.0,3.0,0.06,False
BA***639X,178,250.23353213071823,867217.4632845924,50.0,False,5373,5.004670642614364,125,1.424,True,True,False,True,50.0,0.0,50.0,1.0,True
